transaction_id,날짜,시간,내용,금액,cashflow_bucket,대분류,소분류,rule_id,결제수단,메모
P0016-M01-1,2026-01-01,12:00:00,데모 급여,3000000,소득,근로소득,급여,demo-v1,데모 카드,합성 데이터
P0016-M01-2,2026-01-03,12:00:00,"데모 청약
자동이체",-200000,저축,저축,예적금,demo-v1,데모 카드,합성 데이터
P0016-M01-3,2026-01-05,12:00:00,데모 투자,-100000,투자,투자,주식,demo-v1,데모 카드,합성 데이터
P0016-M01-4,2026-01-07,12:00:00,데모 식당,-160000,소비,식비,외식,demo-v1,데모 카드,합성 데이터
P0016-M01-5,2026-01-14,12:00:00,"데모 카페, 1호점",-5000,소비,카페/간식,커피,demo-v1,데모 카드,합성 데이터
P0016-M01-6,2026-01-21,12:00:00,데모 교통,-15000,소비,교통,대중교통,demo-v1,데모 카드,합성 데이터
P0016-M01-7,2026-01-27,12:00:00,데모 마트,-30100,소비,생활,생필품,demo-v1,데모 카드,합성 데이터
P0016-M01-8,2026-01-31,12:00:00,데모 저녁,-12000,소비,식비,외식,demo-v1,데모 카드,합성 데이터
P0016-M02-1,2026-02-01,12:00:00,데모 급여,3000000,소득,근로소득,급여,demo-v1,데모 카드,합성 데이터
P0016-M02-2,2026-02-03,12:00:00,"데모 청약
자동이체",-200000,저축,저축,예적금,demo-v1,데모 카드,합성 데이터
P0016-M02-3,2026-02-05,12:00:00,데모 투자,-100000,투자,투자,주식,demo-v1,데모 카드,합성 데이터
P0016-M02-4,2026-02-07,12:00:00,데모 식당,-160000,소비,식비,외식,demo-v1,데모 카드,합성 데이터
P0016-M02-5,2026-02-14,12:00:00,"데모 카페, 1호점",-5000,소비,카페/간식,커피,demo-v1,데모 카드,합성 데이터
P0016-M02-6,2026-02-21,12:00:00,데모 교통,-15000,소비,교통,대중교통,demo-v1,데모 카드,합성 데이터
P0016-M02-7,2026-02-27,12:00:00,데모 마트,-30200,소비,생활,생필품,demo-v1,데모 카드,합성 데이터
P0016-M02-8,2026-02-28,12:00:00,데모 저녁,-12000,소비,식비,외식,demo-v1,데모 카드,합성 데이터
P0016-M03-1,2026-03-01,12:00:00,데모 급여,3000000,소득,근로소득,급여,demo-v1,데모 카드,합성 데이터
P0016-M03-2,2026-03-03,12:00:00,"데모 청약
자동이체",-200000,저축,저축,예적금,demo-v1,데모 카드,합성 데이터
P0016-M03-3,2026-03-05,12:00:00,데모 투자,-100000,투자,투자,주식,demo-v1,데모 카드,합성 데이터
P0016-M03-4,2026-03-07,12:00:00,데모 식당,-160000,소비,식비,외식,demo-v1,데모 카드,합성 데이터
P0016-M03-5,2026-03-14,12:00:00,"데모 카페, 1호점",-5000,소비,카페/간식,커피,demo-v1,데모 카드,합성 데이터
P0016-M03-6,2026-03-21,12:00:00,데모 교통,-15000,소비,교통,대중교통,demo-v1,데모 카드,합성 데이터
P0016-M03-7,2026-03-27,12:00:00,데모 마트,-30300,소비,생활,생필품,demo-v1,데모 카드,합성 데이터
P0016-M03-8,2026-03-31,12:00:00,데모 저녁,-12000,소비,식비,외식,demo-v1,데모 카드,합성 데이터
P0016-M04-1,2026-04-01,12:00:00,데모 급여,3000000,소득,근로소득,급여,demo-v1,데모 카드,합성 데이터
P0016-M04-2,2026-04-03,12:00:00,"데모 청약
자동이체",-200000,저축,저축,예적금,demo-v1,데모 카드,합성 데이터
P0016-M04-3,2026-04-05,12:00:00,데모 투자,-100000,투자,투자,주식,demo-v1,데모 카드,합성 데이터
P0016-M04-4,2026-04-07,12:00:00,데모 식당,-160000,소비,식비,외식,demo-v1,데모 카드,합성 데이터
P0016-M04-5,2026-04-14,12:00:00,"데모 카페, 1호점",-5000,소비,카페/간식,커피,demo-v1,데모 카드,합성 데이터
P0016-M04-6,2026-04-21,12:00:00,데모 교통,-15000,소비,교통,대중교통,demo-v1,데모 카드,합성 데이터
P0016-M04-7,2026-04-27,12:00:00,데모 마트,-30400,소비,생활,생필품,demo-v1,데모 카드,합성 데이터
P0016-M04-8,2026-04-30,12:00:00,데모 저녁,-12000,소비,식비,외식,demo-v1,데모 카드,합성 데이터
P0016-M05-1,2026-05-01,12:00:00,데모 급여,3000000,소득,근로소득,급여,demo-v1,데모 카드,합성 데이터
P0016-M05-2,2026-05-03,12:00:00,"데모 청약
자동이체",-200000,저축,저축,예적금,demo-v1,데모 카드,합성 데이터
P0016-M05-3,2026-05-05,12:00:00,데모 투자,-100000,투자,투자,주식,demo-v1,데모 카드,합성 데이터
P0016-M05-4,2026-05-07,12:00:00,데모 식당,-160000,소비,식비,외식,demo-v1,데모 카드,합성 데이터
P0016-M05-5,2026-05-14,12:00:00,"데모 카페, 1호점",-5000,소비,카페/간식,커피,demo-v1,데모 카드,합성 데이터
P0016-M05-6,2026-05-21,12:00:00,데모 교통,-15000,소비,교통,대중교통,demo-v1,데모 카드,합성 데이터
P0016-M05-7,2026-05-27,12:00:00,데모 마트,-30500,소비,생활,생필품,demo-v1,데모 카드,합성 데이터
P0016-M05-8,2026-05-31,12:00:00,데모 저녁,-12000,소비,식비,외식,demo-v1,데모 카드,합성 데이터
P0016-M06-1,2026-06-01,12:00:00,데모 급여,3000000,소득,근로소득,급여,demo-v1,데모 카드,합성 데이터
P0016-M06-2,2026-06-03,12:00:00,"데모 청약
자동이체",-200000,저축,저축,예적금,demo-v1,데모 카드,합성 데이터
P0016-M06-3,2026-06-05,12:00:00,데모 투자,-100000,투자,투자,주식,demo-v1,데모 카드,합성 데이터
P0016-M06-4,2026-06-07,12:00:00,데모 식당,-160000,소비,식비,외식,demo-v1,데모 카드,합성 데이터
P0016-M06-5,2026-06-14,12:00:00,"데모 카페, 1호점",-5000,소비,카페/간식,커피,demo-v1,데모 카드,합성 데이터
P0016-M06-6,2026-06-21,12:00:00,데모 교통,-15000,소비,교통,대중교통,demo-v1,데모 카드,합성 데이터
P0016-M06-7,2026-06-27,12:00:00,데모 마트,-30600,소비,생활,생필품,demo-v1,데모 카드,합성 데이터
P0016-M06-8,2026-06-30,12:00:00,데모 저녁,-12000,소비,식비,외식,demo-v1,데모 카드,합성 데이터
P0016-M07-1,2026-07-01,12:00:00,데모 급여,3000000,소득,근로소득,급여,demo-v1,데모 카드,합성 데이터
P0016-M07-2,2026-07-03,12:00:00,"데모 청약
자동이체",-200000,저축,저축,예적금,demo-v1,데모 카드,합성 데이터
P0016-M07-3,2026-07-05,12:00:00,데모 투자,-100000,투자,투자,주식,demo-v1,데모 카드,합성 데이터
P0016-M07-4,2026-07-07,12:00:00,데모 식당,-160000,소비,식비,외식,demo-v1,데모 카드,합성 데이터
P0016-M07-5,2026-07-14,12:00:00,"데모 카페, 1호점",-5000,소비,카페/간식,커피,demo-v1,데모 카드,합성 데이터
P0016-M07-6,2026-07-21,12:00:00,데모 교통,-15000,소비,교통,대중교통,demo-v1,데모 카드,합성 데이터
P0016-M07-7,2026-07-27,12:00:00,데모 마트,-30700,소비,생활,생필품,demo-v1,데모 카드,합성 데이터
P0016-M07-8,2026-07-31,12:00:00,데모 저녁,-12000,소비,식비,외식,demo-v1,데모 카드,합성 데이터
