variant,iteration,elapsed_ns
distinct,0,87190875
distinct,1,83540666
distinct,2,79742583
distinct,3,75926834
distinct,4,79058875
distinct,5,77449417
distinct,6,80550083
distinct,7,76676292
distinct,8,75183250
distinct,9,71571750
distinct,10,70415125
distinct,11,68986792
distinct,12,68343416
distinct,13,65989791
distinct,14,65517541
distinct,15,97158375
distinct,16,67191834
distinct,17,68911792
distinct,18,66834625
distinct,19,65507208
distinct,20,65205250
distinct,21,64645167
distinct,22,64734458
distinct,23,64090666
distinct,24,67669750
distinct,25,67864833
distinct,26,68626791
distinct,27,63678708
distinct,28,65019333
distinct,29,68299417
distinct,30,63929791
distinct,31,70145333
distinct,32,69779625
distinct,33,65749875
distinct,34,72679334
distinct,35,64629375
distinct,36,128970917
distinct,37,68565625
distinct,38,67709875
distinct,39,65140500
rewritten,0,40873250
rewritten,1,50594583
rewritten,2,44491167
rewritten,3,46172291
rewritten,4,41080166
rewritten,5,39853708
rewritten,6,62067167
rewritten,7,39770292
rewritten,8,40822833
rewritten,9,38486958
rewritten,10,36673750
rewritten,11,36833500
rewritten,12,37180667
rewritten,13,36612583
rewritten,14,36360458
rewritten,15,36079625
rewritten,16,37003833
rewritten,17,38008666
rewritten,18,35663334
rewritten,19,35359709
rewritten,20,35101083
rewritten,21,33892333
rewritten,22,35480583
rewritten,23,35457375
rewritten,24,37597250
rewritten,25,38095583
rewritten,26,37403167
rewritten,27,34395334
rewritten,28,37150167
rewritten,29,35508000
rewritten,30,38557541
rewritten,31,38177500
rewritten,32,35759583
rewritten,33,38212875
rewritten,34,36221000
rewritten,35,35891958
rewritten,36,39473167
rewritten,37,34165000
rewritten,38,35262958
rewritten,39,35450042
rollup,0,4086125
rollup,1,4704375
rollup,2,4176167
rollup,3,4870959
rollup,4,4165709
rollup,5,4388667
rollup,6,4395583
rollup,7,3732292
rollup,8,4208250
rollup,9,3835083
rollup,10,4136916
rollup,11,3744000
rollup,12,3404917
rollup,13,3531750
rollup,14,4568459
rollup,15,3779375
rollup,16,3572916
rollup,17,3538708
rollup,18,3550458
rollup,19,3554708
rollup,20,3216959
rollup,21,3398333
rollup,22,3261583
rollup,23,3257458
rollup,24,3502708
rollup,25,3500958
rollup,26,3314750
rollup,27,3323125
rollup,28,3253167
rollup,29,3610959
rollup,30,3415375
rollup,31,3471417
rollup,32,3367583
rollup,33,3390167
rollup,34,3287125
rollup,35,3345333
rollup,36,4977708
rollup,37,3199625
rollup,38,3243583
rollup,39,3206792
rewritten_covering_index,0,9867583
rewritten_covering_index,1,9988791
rewritten_covering_index,2,9683416
rewritten_covering_index,3,9624125
rewritten_covering_index,4,9749375
rewritten_covering_index,5,9764875
rewritten_covering_index,6,9733375
rewritten_covering_index,7,9829167
rewritten_covering_index,8,9813125
rewritten_covering_index,9,9658708
rewritten_covering_index,10,9724292
rewritten_covering_index,11,9828584
rewritten_covering_index,12,9884875
rewritten_covering_index,13,9860042
rewritten_covering_index,14,9960834
rewritten_covering_index,15,9692208
rewritten_covering_index,16,9717875
rewritten_covering_index,17,9641792
rewritten_covering_index,18,9739541
rewritten_covering_index,19,9656083
rewritten_covering_index,20,9708250
rewritten_covering_index,21,9785667
rewritten_covering_index,22,9817958
rewritten_covering_index,23,9602084
rewritten_covering_index,24,9824083
rewritten_covering_index,25,10411833
rewritten_covering_index,26,9877333
rewritten_covering_index,27,9829750
rewritten_covering_index,28,9685541
rewritten_covering_index,29,9803959
rewritten_covering_index,30,9966583
rewritten_covering_index,31,10480875
rewritten_covering_index,32,9829750
rewritten_covering_index,33,9848458
rewritten_covering_index,34,9824167
rewritten_covering_index,35,9871375
rewritten_covering_index,36,9611167
rewritten_covering_index,37,10007667
rewritten_covering_index,38,9917834
rewritten_covering_index,39,10001417
